date,Appliances,lights,T1,RH_1,T2,RH_2,T3,RH_3,T4,RH_4,T5,RH_5,T6,RH_6,T7,RH_7,T8,RH_8,T9,RH_9,T_out,Press_mm_hg,RH_out,Windspeed,Visibility,Tdewpoint,rv1,rv2
1452826545,32,0,18.523559849695623,39.576444709967745,18.939403698416065,40.1276475411664,20.769114353852526,38.12038072403553,18.7864284316534,38.49384277788841,18.682325972475052,68.39157208720488,8.444618174970753,85.7135293619686,19.31124413383771,42.70922396848865,19.624293459561827,50.42559278399931,17.214211584872576,39.706734396829894,3.6205516149767907,762.4981758429495,70.4648655446694,1.8167110211748618,31.575801648967847,1.9862728286847002,10.832970221670944,27.13381311398897
1456359382,26,0,20.648833965540682,42.21558000574385,16.446468482544976,36.11322906456729,20.992954991992153,39.348233093721035,20.231772190245,35.312972935798996,16.181333445628876,46.86610082814499,-3.072869635784813,81.87676751904853,15.442374558954686,44.613482862043824,17.706614430988225,42.821060413063385,17.786831248719803,43.80556121264467,4.978984556627108,760.0509072729872,90.6293213300189,4.754474200099922,39.791712032343234,4.2389195824068295,4.315242984307845,35.88170372710457
1456570923,74,10,21.560167447361458,44.29509199510124,17.377500228909124,43.786866197089715,20.093254514478424,39.66898335430587,18.196577847266816,38.319813545262605,18.596595454295098,39.508857117956,0.018635948233009403,72.84170384640085,19.73111328783898,32.2973858155234,18.099730976607002,46.03754398009744,18.955425822725488,38.41390652465908,5.199517128977481,763.550371583613,69.90274836616855,1.8420008008960602,62.27670743706561,8.89444201277667,40.994478727274156,11.825407320242956
1454832956,27,0,20.598465851428504,33.56904685608332,17.471980454516086,39.846033498550725,19.83733587723988,36.163666519508475,20.544080184592726,36.24584366150474,18.453636798277316,47.80476640556682,4.897993475495123,95.02243234771119,17.434533595332184,35.591971710197306,18.180708681827262,44.174230862173886,16.553089183589453,46.7907477270501,9.928473280412616,762.9317149732748,91.34076089533384,1.774008372767727,39.885307756384265,4.334383971427635,33.422025068307185,36.721899031895575
1457986466,35,10,17.87855964512814,34.267288807724064,20.760489708619843,39.33016533920387,21.70414624983152,35.918747797149656,20.828288156321562,46.297004773915056,18.696243924614052,43.7966859120834,-5.9714998338647565,98.56327841541312,18.785973466619414,35.686938293253135,20.250754636317858,44.109537968602076,18.040127198077872,49.05997258497267,0.6481128930402905,747.4169743479341,90.38841336872808,1.8234814520099802,39.95215442300057,-1.5351971239385158,15.687722793789657,29.26090470893896
1454437903,208,20,20.90003879641488,39.633377660673965,20.974878956004464,40.21316144095813,21.051746767967767,41.42374782370746,15.494755548220438,41.42213445847458,18.447445269072507,37.701431145017565,2.4617095037784624,95.26518227997776,15.537761231632917,41.37933049939839,19.519542890779267,43.13246786053935,17.113818983605906,47.03096432544129,0.5130983324953877,733.3646988082107,76.48844784289224,0.9171553584250783,54.886026302447355,7.422933605511005,4.7906984852396075,31.37932884733795
1457226603,77,0,20.967635018529666,34.04169135214777,18.23831239004386,40.05887196614072,19.624851848173847,43.403015891683225,18.7722048253432,42.68970535230682,18.362592075178146,48.109403435691334,2.733449241569981,94.3692288643782,19.427554703474495,31.522269840218154,18.024677596952476,53.65399054269154,16.383161299454535,38.92623769381033,7.8163476550317235,767.4211648652938,81.47568711762312,8.093933962532443,39.8875377225363,7.417575173436924,40.38408707505776,40.54598308242624
1456471063,161,0,19.867086799040784,44.11746939850091,17.4626964262307,44.079578664156124,20.06449313121116,43.65322422234658,18.85150382637475,35.858182111089796,18.970516696123436,42.2703038258936,5.0191234680434755,93.14974168302777,17.583958592657925,39.1660362999797,20.7624253682068,39.13513323772076,18.412467812724167,36.23021533431409,2.988204375113161,741.1728568355771,81.73720104539522,8.146536312015566,35.22497006513327,7.674025997595904,46.728377556996364,29.257386279619986
1452791105,60,0,21.419844161589733,41.87284433624302,17.683593330968126,37.732107308167905,19.556154637498896,35.57323618665658,19.368799145572016,38.17062816166181,17.053542913978855,41.18088533906716,2.3646494449658717,45.200013715829755,19.23745277211395,33.0427114330921,20.094651436407375,53.71937828857632,19.55146762072117,41.30185315283627,3.4777093505379706,766.4972696290223,89.74903314739855,0.9294593310112205,61.825917387394874,4.472604242687956,17.772018531468532,25.079024475635656
1457975203,28,30,20.55414289832678,37.99241470925636,19.38468639156653,41.59584967972063,19.548073184968178,43.21614889351767,20.668229044684146,38.2201809166871,17.34928353358049,47.38084664721818,0.32300794819105905,99.53787632702695,18.74096558397332,32.349131169581106,22.219572171663664,50.25966310125247,18.37058300271598,44.53508466386352,3.723152746136787,759.2077323799597,70.73031534490599,4.7389944727674544,55.149553699217364,0.844786980826391,27.191716123869394,10.654649666057946
1454955318,44,0,20.142796899818947,34.60640327396147,18.247681971869525,44.16899388118563,20.53262396066245,43.402662294499976,19.818944549724513,45.82523695840084,17.826034308416546,47.81821759288683,6.887130562720578,78.3163785299227,17.613933246671916,41.877387151997716,20.210588076739892,43.90013935620171,18.42391977823232,38.36482196002926,0.6385919375856319,767.6347673772563,69.49553848474334,0.9605961865421944,27.23709132062999,2.526473382849077,46.60655964959734,3.3665771412038303
1456657840,46,0,21.81442814078175,42.50358384231778,19.30496730510291,40.222088837027925,20.968727110533514,36.01491707022692,20.243530008351158,40.4198437615575,18.388899126408205,68.72817858377375,6.526498844756053,100.11447047109677,18.63542132145927,31.307268446239732,21.926040433491508,42.46741682651547,18.424470344350837,39.061799438386664,3.6843461479431796,762.1464455327261,89.97078078563248,1.8093584976959904,39.87937665650659,8.517805792153514,42.41138439874643,30.31695593428157
1452787264,27,0,21.404805589720457,34.35308836832858,20.568423673795404,44.46875331620009,21.65255627562784,35.88921219546796,20.663696111115577,33.316004128863945,17.095320866063663,49.828111351134396,0.6398194850065619,78.50977533395272,19.243394288923806,39.17685493874892,21.433423706016807,43.1413748396325,19.632963749237238,38.315863001661334,9.740624771168813,762.9027540108718,91.23055399206578,0.9171453883204395,55.86090633976441,0.9444762047124919,35.81501880858391,14.211163194064936
1453514797,29,0,20.198912830529174,42.687531578738735,18.03657544655199,41.872406185489666,17.30743716892463,34.21767966552455,18.772437141686854,41.43914330280856,18.55893347645504,46.9473759709659,-0.8801191242470288,99.68108635687382,18.693731018182614,36.114569850860775,21.400435399435473,53.361544677267524,17.757566942369937,48.35611033238846,9.777578705571552,755.2186617991102,91.10696718045003,2.7743647905087307,61.44077372615212,4.248172236105716,47.497206199807096,40.268119211980384
1454785729,33,0,19.272702512653805,36.49217919717744,19.378176318566094,35.66554276572009,21.110183133776044,36.086139446345086,15.510932579123505,33.70690412064974,17.77272531681113,47.78637799953271,8.481012336387563,99.44352072017205,16.69896179104399,32.6300361904687,20.205159726233774,53.76425540365442,19.59816453125627,46.19738407238282,0.5378131685878951,763.2932331477065,89.09246203068636,6.17991455907838,48.52921000179944,9.310521509400228,28.851570492120185,14.941450873867325
1456573513,31,0,18.667959926267475,35.02178121559864,20.153116921006767,39.791022013074794,19.52524988922034,36.52719065363587,19.40576375156732,35.33436245397324,18.714460701763795,46.92977796356435,-2.807955644326359,93.38795283480867,19.23736273332298,32.03497192631775,17.904583496425783,50.20481591906729,17.777631270605088,48.6776801844453,6.004579736464763,760.2047606146771,82.46516364830062,1.7365884997888086,34.441181834871855,-1.9655534254068159,11.253429675237145,38.32970459063105
1457925121,26,0,19.73798781097296,34.23193499774966,18.918234902203928,37.940168076713995,19.41629982042489,34.52228035603272,20.57882953749462,45.375987115572116,18.416204566342707,49.1364833775558,4.638918359093704,80.52054575246748,19.121299540200862,35.957428562231,21.463791017857368,43.23521574136135,17.71478554272522,48.51276227630531,5.3721007599364485,762.2542893378644,82.20570514423893,4.674592913222945,27.06587909482655,4.457694873912892,25.841176496536065,36.64828038817789
1453579871,60,0,19.846419995943325,36.625921646593824,19.445394561711048,40.09990324893006,21.548858314218567,41.59659175508043,17.943385827036835,45.95232253336133,18.34572428638062,47.54049487190052,8.450207222099257,101.80000234666926,17.518248808094498,31.433132346862138,21.63276034136082,44.16029313166794,18.946313145405654,37.94831663929883,2.9294253062508,763.1403695905738,82.20926421122064,2.7817773873073626,61.891213444245146,0.6834264368299666,17.41690803998542,10.902294831416402
1457168362,270,0,19.83913734276032,37.75811941575968,18.273007910337434,35.177648654030975,19.970737020650564,43.474697050639165,18.677107184441926,36.33105990947982,18.444743451936464,47.555684666143264,8.961704390369148,75.34590440660945,18.643941151514106,31.679702582163593,18.175691364364912,44.05790192235981,18.315107895001987,38.60008934461325,7.541707091667567,760.7766783974571,96.44052870322996,6.099080634053826,62.69007298049022,2.194004030040298,11.016037730771323,19.740932158942854
1456500820,67,30,21.53178560448121,34.50351713082599,19.121872686797243,45.7702831463256,21.096481465348106,41.6507356055456,18.67399283106502,41.76320416259635,18.677368804162757,41.639825791698804,-2.2281236808253126,94.7059129179946,18.790158028763038,42.119248248389724,20.173271540930237,39.22913320187979,18.362183983335843,38.09645548274842,2.8729130770688336,766.9961568473614,90.73058614812672,1.871475191868467,55.71383397875408,-0.5422352290019766,47.55799731895057,47.02156794307374
1457132846,229,0,20.92731616798411,41.843230249072036,20.093502177601238,41.555347647130496,20.767756164938703,35.364168686378484,17.847663290221195,46.244543264856574,17.001092829204413,42.49571977205746,0.4897619964075779,81.02351235701094,17.437427768578452,41.87034970567072,20.23254622939623,50.59360834445122,19.605347549508842,44.73923888752062,5.2689015098161365,754.2537537114399,94.97186561730597,1.7636221089954303,62.0623330064076,8.491483439714722,11.081313292085198,3.7396538913264603
1453666977,31,0,21.288782665197537,39.50221046047858,17.247051362447774,39.54192930540484,17.541918577168335,41.634101802345995,17.766116293122106,46.1471224480383,17.15496770072462,50.54642675170186,0.009464712747589532,99.00308645407908,18.574754119063655,35.67499050140649,18.030292228291948,46.46969236532891,18.972574592628124,48.27304139797018,5.258986210632427,762.8878842215803,89.1880050202195,1.8781833684328348,39.872466987969574,8.872162008982382,3.460437696590626,46.27080369084537
1457096417,27,0,19.945038775646875,33.581797005515526,19.143589420037873,44.546400572810704,20.42296754734987,39.282748729985244,19.4184117979314,35.749802740619245,17.72049301438908,49.571707949483944,2.112623074876728,99.8248401191213,18.4439689793402,42.977093941920806,19.578649030528442,39.19607832572012,18.471917719098485,38.53648934534028,0.47565749484597375,762.6993081911496,96.59358187439054,7.542435495874951,61.930349416487864,8.231104409528236,30.938541777155955,31.919314799903557
1455843810,26,30,19.80083443122331,44.44969443637857,19.278786540876837,41.85071630233405,21.52999676749707,34.649423420709624,19.228510806868258,45.8364052898489,18.473357705075788,41.98089197769205,6.514398023139363,95.92397940090507,18.57688522252018,33.53260415748425,19.600149016996188,53.937956256612516,16.52949887454702,38.669014643359276,-3.3465452718766744,739.7761109302875,76.78838802674099,3.7744274122213266,26.12433099562485,-0.5391412289024629,47.742639158308585,35.547523055919086
1454227468,26,0,17.82944417336187,44.07055335771061,18.204582910243882,37.8701702637434,21.04501085384851,38.10731509243621,20.882527499582096,46.276386662061135,16.230937993078605,50.29979982428921,6.435769916418065,85.83452663564965,18.788319618273185,38.915764039546005,22.276486839712266,46.03379966445859,16.25148666633968,47.88757881445253,0.49899736567518616,755.2410107484994,91.659924831185,1.7619127171180065,32.09757059415263,8.036905416007396,21.69569256659295,10.954543659355837
1456438763,37,10,21.961850512814017,37.82509597920888,16.834530200258556,37.17448499351555,20.019678575161805,34.96886723059803,16.317304122822062,44.97601213637592,18.362196213650048,43.053398624033115,2.7062722791362255,74.09660351906129,18.636464247735766,33.10210572302827,20.352184294036434,44.076704607825285,18.352143855073088,38.03637793610033,3.1853141241536203,747.4465082847189,91.01883188617278,4.753038293161786,62.37587397651477,2.470893472589276,10.645409479426057,16.077249140653773
1454166594,63,0,20.997763334835174,36.351083973300085,19.072714205151605,35.69021490391271,17.428351357077148,39.57772785206242,16.26501244195593,33.70384719149516,18.312504069817226,38.45812312100189,4.870408239365241,76.36025675485857,16.64895264236577,44.44314147527833,22.134745411350167,43.218328922761465,17.075010931371825,38.70167912583771,9.087596186951332,760.3876161748065,88.7837796670233,7.5960690772190755,39.9446390998526,6.47227020078463,16.604864762495286,37.90380519108174
1453619217,30,0,21.928135864226636,37.91488736411074,19.175745138600067,35.52521891231163,21.167451373630342,34.50108391485542,17.819410827404703,44.20240325738256,16.093679088799803,43.34463528537169,-0.06229885666186652,78.17136035207959,18.743003898024636,31.798301950727804,17.924727824770954,54.10179352982183,18.37040723692193,36.43345426880457,5.05288994475889,747.6125274856059,88.58349451814365,0.9402228648665352,35.2973826586902,-3.320672334594037,15.930857656522452,15.36069693119285
1454729907,33,20,20.979275222654667,38.23283663529398,20.412783243979387,43.22907786059101,21.182399388938276,38.85840850309087,18.732151443118443,46.514358635990504,17.775983072622786,42.84182974555199,0.9711184339998893,85.32562197442242,19.265907116849753,27.940585914664073,21.52028531849445,44.01260364127579,18.143055670642077,39.69794307735625,6.031553267787348,744.1506879698194,88.93477812587452,7.890603298970499,62.19674992076597,-2.001678002990282,28.655150670503115,46.54191687522532
1456548127,57,0,21.423933518146896,36.489271740287904,17.404463297032045,40.04280046910655,18.693835649969014,34.531269639705556,17.723112520773977,46.13991401193609,17.178998331356468,37.86922205604836,5.503301092626851,101.86417101653791,19.33944517926176,32.28852286096723,22.26695605122083,54.10398565013625,18.14081202678601,48.000811005400536,9.038726456607446,741.1199149642937,91.15700203626943,1.7504131493704853,55.230165522401784,-0.7142423497280794,42.11072846767905,32.45209908379971
1454802096,30,0,21.47192408263231,34.413113198503666,20.262429038206243,40.06754121154416,18.443692066972826,41.39809283742265,18.606961544711286,46.114735909207475,17.6879903338105,41.524586411836545,-0.8263814038221988,81.04538401042069,20.67451639731719,33.73357813470102,22.041860502375755,43.646500038348336,19.031176083383016,38.71599588659515,3.3809776677696077,755.7700273935947,96.51633518792974,3.641977006189388,39.85933667810346,-2.9593912798968596,42.79740414437417,23.26507298785601
1452827108,37,0,20.989911073266146,44.64107284929647,20.43883874468871,44.235060380023434,21.185999524412114,36.810581711927945,19.837166529029503,33.75668007484836,19.149307527990192,37.780309248752786,2.741029711681459,93.99982347068821,17.644369369403403,31.736702708027188,21.559861428130237,36.222750604082314,16.13744970505187,39.42766112343252,0.9973440869208526,748.1797367502808,90.4045567057233,1.7979172580131753,26.74575184633956,-3.7021107882865634,33.22740934142538,32.79878996185745
1458029935,26,0,18.549254866183812,41.90566486077702,19.233388536409052,40.11922771842802,20.447226080682192,36.37322999783739,20.570091629344304,46.02671724858165,17.264437824056518,49.373735446645455,-0.9547249300912299,99.19660442252447,17.443022437012075,42.94150057617599,17.961114145491585,39.645680923207365,16.186071306585387,43.47736388975172,0.37116715099510705,760.3788683244543,92.13770572233608,0.890872067263123,61.820952488878454,-0.4342917840592415,42.34373452425256,3.2097107186113973
1457975402,58,0,21.524805508291784,44.095447429493795,17.253177321334018,40.29582227518605,19.90019118823004,35.50005602973052,19.854295964107678,42.572248794312046,18.386725992622804,42.25795268307195,4.718708651918747,99.60753886796886,19.110777092755843,27.133875857988045,18.18331999626406,38.60384186899543,16.722952002737784,48.569923538226156,5.085023840205896,733.5579204643872,89.94222384897853,4.678115395337586,39.89668180207059,0.8997026365627839,22.41349670432043,8.64458584438266
1457973363,62,0,20.666884966535665,34.66350597911606,19.226738516336926,35.83256525468671,21.447278525134667,42.468182559797896,17.981115947977145,35.896746646947356,17.12483391841492,46.87458803593423,2.5273866328546237,95.55834249823482,20.63142578953338,26.934405087742544,20.582678326683055,38.969741412878086,18.409590488266716,41.60138976796874,7.055978162015351,755.3111659197723,91.0502838521873,3.7935313255479324,21.471885837237252,0.7873705408193429,39.86170928680049,29.02993182595441
1453585899,37,0,20.018119373224174,36.57935771648163,21.302326445034836,40.04322752978833,20.044349706302086,35.005938613740724,19.91225696275483,46.96971952044184,17.192593323677137,50.99806500707296,0.687120866326661,93.68015479923211,15.790387169949748,42.22085436396229,18.236989236999776,42.69612535888088,17.73426632053539,36.208224595295086,0.6366491287899956,757.3327587658536,71.48939184836549,1.848623194929101,56.55592478501411,8.551043404612251,16.5033991212249,40.3344665610245
1454807172,28,20,20.64236210973185,37.04385547916791,18.944403647443494,41.44475479794374,20.39065751685115,41.248936783054006,20.04679082939451,41.73121899908034,18.23857943943655,49.75067923770391,5.394379537926123,99.64748249215975,18.48371282337856,31.25425702206697,17.867869812145305,45.99089712458204,18.37673814917242,36.91712375243594,4.993590157372198,741.1906718936178,89.57619449143968,7.393578487435391,35.10205476517392,7.670377244648629,47.486549054037695,31.779727251141306
1453573502,306,30,21.408957131575757,42.98760501971972,18.09066474761878,37.54850185458828,19.52883827728568,34.95371159924334,18.046925652928728,46.87850752460873,18.303877037543085,41.86894724801714,4.865404731667781,92.25405440008532,18.255737555475445,42.272818865426444,22.31955729255534,40.56695918761364,17.718211023421162,36.65547603307424,6.143222852348378,748.0176612323803,95.81284910404862,1.820800708064433,39.91974872007495,8.878179879977175,46.31673563391148,10.135862898180854
1457179146,27,20,21.433779335814904,34.97371924312276,18.88732518714862,40.22745293169896,20.689327937556083,42.79258467305868,18.63371985579384,42.368610137437045,18.263821229452965,49.221291188354726,8.167807168258289,95.38892847585635,18.602873747089426,35.80111939546156,21.998265639452843,53.38202023865991,18.42343828329317,48.74138153109621,0.8845841840075429,755.5215788011736,83.97699931505913,7.409646275600124,21.111776140695596,9.085469387151495,4.060727804147333,19.802459230267793
1455460930,24,10,20.68532813803768,36.47567374332068,21.139415888955675,41.7768520828548,20.44444373828115,35.44830786343408,19.277665101114348,42.325194247219535,18.283403514375077,49.27570950472696,6.604625294709641,96.0612726171276,15.612085504172702,31.524465117784132,18.03074674795761,42.768777035142755,18.496062668604708,41.49692597856418,5.465022507501689,763.0981391079717,91.34549776274461,0.9039821792221538,21.502956246241155,2.411118326106033,47.78238489236394,8.093069583772193
1454761423,29,30,20.92653724765042,34.52480373470637,19.32940553959786,40.04860212335948,19.881124356458546,43.1437523889191,19.390019388035785,33.611987012735085,18.69801416563016,38.22468350429434,8.37953727259382,101.96497558778168,18.722329394804262,33.815081882066764,20.190138352905862,53.990821921277764,18.35050715276597,38.40673865418967,0.51736538388976,754.0439876786954,75.02849150882088,7.5402541540356385,39.95163969722345,9.097296795789719,37.91949801343795,3.7129568513417213
1455088171,32,0,19.895826314403322,34.84171614471319,18.865189817345875,37.97409765246987,19.917122517602927,43.292262222429535,20.12548362995848,46.674245410260184,17.7388472317757,40.84551020020416,-0.34562840509619486,79.80939823740022,19.329410672095015,41.62996574087714,17.857478610766723,50.038306875903885,18.371664674679682,48.703560770536164,5.2149768882054826,766.9062106867707,96.55621656843812,2.80891962810782,39.86767289643433,2.625998366366301,4.9211665351830565,3.2843847035893488
1455498323,34,0,21.761184213336715,34.581119263474534,17.339456455171625,41.58617767868935,19.81149482139126,35.782630785728436,17.8189424266201,45.02227030255258,17.728729384588068,41.72375805496692,0.03374165224001979,99.74962870219434,20.79298143336286,35.962423600813814,22.078632301798308,38.51255611166532,17.755309549219405,46.80495856180998,3.122878780124409,759.3087466877406,72.73827144072352,1.7504815609754383,27.168342306858094,-1.5305284504301806,35.99425891857439,18.25529429593281
1453508471,34,0,20.630564360761312,34.7477790837069,19.45322072828742,39.750221859050896,21.727773511550982,43.64204621639132,17.802946358110226,36.31122501322461,18.586622518400453,50.98622415129838,8.983307739922134,84.3084166294038,18.337742467666533,39.09850363868212,21.763776718576707,46.31713697004755,18.020092358672198,42.79283981454033,3.059313695922094,763.0208112078557,67.738983130037,4.7653052937083995,12.061967596444623,-1.8717022167903146,10.059772670009744,46.93353330628306
1453567973,31,0,21.068644956315566,44.132628846617195,18.11823234251835,37.51261249316508,19.917318656513427,41.579685434583254,20.08687039603546,45.8086509279471,16.012746058527807,49.69670419347779,0.6220194120599434,76.20029870023754,18.204374000190587,30.660738697790162,22.26526175357251,46.393214640179096,17.067531759263318,48.38439993511176,8.751618811861205,754.8511185990367,96.49841959255603,2.7776419455925363,21.78924242630393,7.6126960201677,12.69295381247976,14.986741891785183
1454367760,30,10,21.96830253444209,34.50712731386084,18.030626517806038,44.57536004315417,20.959765754440255,42.783576292975035,20.09145316853279,45.368826568221465,17.16781437725353,48.87895072471867,-3.357806012812608,100.26987306545008,18.28659909441452,41.89746592789644,22.02648710357891,54.46424889953782,18.466694338167688,48.93018475217314,3.060699064372247,740.3530584591196,96.9518261502274,5.625355005542401,25.677221303338168,2.422741137482161,31.7673395813473,13.11343046195707
1454781450,27,0,20.63296160811326,41.88102832236624,19.447024159199216,45.991936957166956,19.928049537051482,34.48366307143857,18.65746210373651,33.54474407470522,17.13296320931937,41.180067107547174,-2.4417340174979154,86.3424094647238,18.593865755552876,41.68376914869829,19.611179406311336,46.09151644717471,18.4571984021624,48.477650808687926,6.911033318490044,735.460041202208,57.51839913738434,1.7976903059183873,39.88746391270638,-3.60652114532793,11.548175256125852,40.00568857076458
1453560570,63,0,19.04005276447264,33.36796108062063,20.140248057091977,35.56920428430033,19.548657930064675,37.73073146680449,19.330868497194874,42.812686872806815,17.71561378628797,41.28652273457267,8.239987274850247,99.27895950795053,18.24632796402542,35.76839041167757,21.65047657987538,49.904141343618925,18.445800021765336,38.06808494204207,9.820684532633605,755.8911572759389,76.9255554300618,5.688190278691183,39.882119337672435,4.18956313899166,25.651929067922858,18.232277806772146
1453619982,297,20,20.016697940941874,38.133366284077646,19.064780785779178,37.93875947099977,20.840040450676007,39.52005299359668,20.23943667369083,41.49344660953351,17.76218748241399,46.790043138620014,-2.5286986058700855,78.22973831018683,19.52459377159577,41.90251181386541,22.278349430695492,39.2817215214222,19.61180253223695,38.390719383687745,2.891963476774749,740.6346577719197,82.0305883922916,8.122081759672215,34.555499993605714,2.4359538512467678,33.55121630356232,19.03572785236058
1455555562,32,0,21.97906825505235,39.3422311848969,19.30730755623927,41.48119135928259,21.178975679831428,35.82433137455958,20.631293921304323,45.808376290769615,18.485122240878095,38.14059154217,6.600987068898453,98.24758698283617,18.525611059035516,31.727502232148456,22.143486755237152,49.908241571340355,18.971820465322004,38.09903583305196,2.9195283919424933,762.5582880095545,91.90805126587728,1.7542366365926683,22.140192260277242,4.329619141550061,12.150535147607924,40.76939118706093
1453731427,27,0,21.28347280474499,44.480726483329775,17.552128416882244,37.99661851264108,20.9670537818869,43.387187004304955,19.656955728949402,41.420381473234286,16.013161935472898,40.4328962866391,5.321073011957013,95.49363554128321,18.19244814277811,32.769137621866406,22.054214730758517,53.34425673548802,18.18078033336678,41.741576356775155,0.19784434579398644,755.6215003252427,89.97524561461645,3.733675017583641,27.09263970320557,0.817704754554499,41.66108901523979,2.5059539276276004
1456368065,28,0,19.123161899367158,36.214759742458476,18.076313274532453,38.02917743290475,19.888882127326315,36.34152104158905,19.198508062269287,40.53242659728022,18.395226099521498,40.81135829993264,2.4275742058580754,80.13926416412053,17.458251160903117,27.41848237011435,22.17229629284879,46.59377609682925,17.1117989978539,39.59040748596104,2.9216901980616563,733.084894999375,84.5016763349319,7.112963017589717,21.94957107809253,9.235060509962684,12.109057761106287,45.680114364189464
1457966289,141,0,20.63247616548032,34.083797891354564,17.68581530310685,37.766144617231575,18.751001608430126,35.94263494950062,18.78586665935768,35.8875521985032,19.203061073878903,41.99059789052575,8.590954514077975,93.54621598387465,18.543648602739445,42.19177246197527,20.754013688636668,53.50775197244723,18.183090043229303,38.766018323574,0.45856560638619975,740.2079910607123,95.82330602740198,2.843048964795079,56.05574836642991,1.9387659002311761,34.96468194664987,47.3504810293495
1456427250,34,10,20.988318464189955,36.69178073069546,17.372957671674396,40.005191469356866,20.44678260849984,38.2192362491784,18.064031906194515,36.225224643305474,18.50473144444934,41.77102579475165,2.6424064291387257,99.10231561326178,19.63768636268006,31.371542820983485,22.08246155853645,54.0864683141441,17.07912113366073,41.11106081013249,9.485836588481012,754.8973536077689,91.40975452157822,5.75607900201208,62.276378991788576,8.99460727278167,4.429059064138847,41.23887299918486
1455508065,35,0,21.918644858351104,38.2604606096198,18.093089736216214,39.58027068892772,19.99334813862876,42.96832081016165,20.795758382991224,36.20757817578273,17.73261316007034,47.56063493906107,2.7267032161335116,84.78317237876628,19.455277322321695,33.351719649094875,18.58495630538621,53.589657243976106,18.291675350575986,41.58260637739948,5.179041063787157,763.3019048670254,91.35899903045122,1.7615193721212943,55.46320500748574,-0.7478947370652254,41.48976795569135,33.91872425658807
1457927107,31,0,21.350119694500773,33.255150310775505,20.183043714317897,39.2930784587878,21.0049233782286,39.14404136309877,20.547850060211886,46.734292895406305,17.72536596295145,46.89027525389639,2.4764583026674485,77.88158614541763,18.52362074818285,41.89803502422669,17.878347148752493,50.434450989215264,18.382181048183707,39.32045073995925,0.5136268687613815,756.1439127823563,89.1878322916945,3.7779283642198496,9.492626312174123,2.236731977233383,47.169455928043426,3.2224311687308482
1453680881,48,30,17.879781625868702,36.49771440319008,17.600137528862756,35.33119666049645,19.894420825217527,34.612247822486324,19.796519632834293,33.50875007897,18.282983341785744,42.56672297602614,-2.858053975124778,99.64170784031303,15.564135108663766,31.869397094406143,18.112740247302924,39.3453335887518,18.061013855712712,41.33577102539778,0.39995281909417196,755.4531974717169,70.93782143473706,1.785180239945059,21.762361551738948,-1.5471278600986071,37.951663863030774,33.04192726066866
1456992524,228,0,21.37813874284078,39.40202330635735,19.394913922390945,37.974532761752165,19.54000747200055,41.64118143055705,20.211789315653586,40.593862116283205,17.73965093324728,49.75217415148516,2.6589154054863045,101.90298048430827,19.51415271920627,31.280813965387942,22.152659301568384,54.67180139738204,18.34326926422896,39.53461587469685,3.0434654725513726,747.2952019887123,56.04021136155958,6.046489637526362,27.623861675960182,9.142168564634584,4.282757222812617,9.931239432597286
1458040618,146,0,19.1284479806713,42.71620350385647,18.21526398065757,36.98506204294232,21.15363589941794,36.35738704039335,18.734137007692713,33.652925174657526,19.16796165270359,42.20744848744344,5.074013634501987,76.56637939138237,17.69709323979563,32.26305270189566,18.78170795780252,47.233783555421184,18.087826194161813,38.41794654073407,6.176579028535251,734.1433871928537,88.68303454541059,7.586962010846607,43.32426162261444,4.111952484975033,37.578661704638925,28.69311185582809
1452757199,30,0,20.070213674356705,33.62419752692309,17.515618070859617,44.571376184526066,19.932700776886357,43.1286491674778,15.672595459994058,35.80030001896837,17.760051034955524,40.63738241694974,-0.06812708469528284,86.2726834716189,18.75011623482714,35.99488551712385,22.043468017150644,43.32200982603527,19.696187298974692,43.583090132641686,10.302087058991328,740.1648295830371,95.32244867515395,7.151491272183205,54.97209242634618,2.7044867231321192,36.290220040072256,30.771137311646584
1457124322,27,0,21.41950896842931,34.593869467283405,17.21517504229666,40.18659066433569,19.42291909077674,34.35306185186824,15.474779321765292,45.9158177183036,17.68005816354542,40.44312323031197,-0.9739907818356106,99.66900133649084,19.212036361963527,32.26459786285351,17.96202131001476,50.139464285869494,16.616785675039917,39.748778304510594,6.094986264701858,755.2771978608538,82.11112774856997,7.019251254487684,39.81527934679034,-1.4145580105785391,38.47409101088086,30.60030864428608
1453914931,33,0,21.809787206395367,42.056876764783574,19.138399007569753,41.72901175722658,19.901525560313814,35.45296397629829,20.69428604727921,33.50344105493689,17.11763283028758,46.98429045303799,6.4984555028938775,79.53943668868949,19.482381781265108,31.91765353952871,17.991014975458015,42.786227111364006,18.411230404527508,36.671642770969974,3.911976396906196,747.3386887416988,71.89824003966535,1.7370456492557056,34.63051893695288,2.689608020300602,39.69678196558825,19.012050794081073
1455267242,24,0,21.85234862773626,34.40009101320293,20.022643196815086,35.45714794402473,20.959389336784614,36.875421128008,18.558749143459632,36.00947963442896,16.008092300983247,46.05453094233746,-2.9693511208744257,80.53736071553863,19.14026863280769,42.804053274283596,17.839704238434358,43.85932043079041,18.985337393064857,38.129586876478854,4.783169213170262,754.0535760486956,96.77952446626499,2.7329215072309054,34.395805040345266,2.683178041154203,47.52543407261217,3.4333653245812266
1453771145,61,0,20.903056456751152,39.34023155075657,18.065520134632738,44.10485211894892,21.060763474225862,37.846143489534185,19.247926532211217,45.57993479917619,17.010755206214714,41.108292237751236,-0.8295663473499317,76.5030019368453,19.19480525738939,32.17723125707013,18.127328164663915,53.627182854884275,17.746834009835794,43.271062173263026,3.027379735349858,741.2192880794962,76.92968868065336,7.122429224660191,61.89624880107055,0.9568090201154633,30.004736313778768,10.854427107915228
1455905705,28,0,19.836303767723475,41.82858736280609,18.236987349989203,37.97782327237053,19.583545658997522,35.98860187358181,20.754266253680736,42.78981853671798,18.47155962236605,50.299358132536604,-0.5145736401062848,80.73403144125649,19.36086910247739,41.89300256295228,20.655422987338444,49.80519761858511,18.382135238534545,38.34299180656092,6.956883939601338,762.6855843133867,58.09867692354983,4.816045188481098,39.9403733903523,0.7667339549472614,38.78907230991095,39.89078055096379
1453749552,62,0,20.661033523196824,33.69294119367717,17.82179096697498,35.15132929441911,20.846347553669112,39.59089948168435,19.333020347804656,46.45807435739409,17.451083114037097,50.79607898589447,-0.35596162806804155,98.41534445984502,18.837114399513712,27.344680586161818,20.73300354324463,35.90340779890677,18.12571802460187,38.43684543527089,10.229602557856834,743.0056650987826,75.86555936898735,7.775409065395792,39.96341082421664,5.4289216187640195,38.558582450354876,34.234463562295296
1458022561,61,10,21.39766974847919,42.2853017629014,20.823378814660977,42.96400159279436,20.731086898067332,43.42577571610943,19.261351168444975,46.07783628880567,18.487815228676347,38.26050911543764,4.786189704621656,101.65986056740384,18.525642089275603,41.80194396693815,17.921368911868786,46.99355879020669,16.305692409460033,39.438706882815495,0.3654421473233568,755.3528248080511,91.66696275968204,1.8050781652516594,62.239255152053225,2.275588011466231,3.7164334332882367,38.35942607108831
1453487867,30,0,21.437909898742838,34.7896348713328,18.268898043889244,38.02580787929766,19.907474663584075,34.76797460500061,20.240945909359468,46.34177122151302,18.713607003505476,41.50237620091853,-2.571282667871949,98.6533045363288,17.503318801997004,35.94727637227385,21.570197181761127,54.170584933536794,19.628089765190175,36.600394543305214,3.453222982976242,763.4872607923893,90.71927666902222,1.8446145820211728,27.329568743655486,-0.6872171290269413,3.550356454594949,3.414861928619032
1452777577,31,0,20.54860031841529,42.65837448300841,18.15194884872585,40.278500523589386,19.855895074002756,36.287794538778684,20.69686455654822,38.1427809958628,18.971982212852044,48.81282672951139,5.067931099941432,100.83702002605338,17.46893486874605,32.64500399231094,17.95543210928492,49.95624448246729,19.652879387328984,38.72682005548297,9.991169658826891,734.0102519886698,74.76432819014663,7.567363449328274,39.74736184076092,2.4120085526492447,48.018462126381834,16.33975800062665
1454384311,41,0,20.88551182097583,43.94286294715893,19.241153199062477,41.434731712667244,20.369876645829226,42.95386588946404,20.144736725010663,35.04443821333524,18.415247537715313,40.64583890148006,-3.024580470345221,76.56435744846384,18.373968106290743,35.46399631914293,21.528977050863027,50.342493343041134,18.31615955978089,45.138863084171376,0.6782281594669686,754.8500447142926,91.27401847181727,1.7350949478289177,39.774658439620104,8.2638275863261,30.527171845171402,31.34029367058098
1455906735,145,10,20.087547579207428,36.475550666228415,16.71285539683667,35.360462905156204,20.781466514250482,41.55808348242067,19.85067169469438,33.59844024826494,16.349637962486202,50.867077382839746,-0.5382189092247953,94.15899290422082,20.736207970547266,39.2799685396966,21.626909738692284,39.39819127995335,15.90200428134784,38.35575069489303,7.434509430845104,750.8631104155055,75.70672431757824,3.7699064715925905,39.8841154795663,4.025296053911863,41.03292529209341,10.135734508843967
1457056479,55,0,20.988464923412643,38.066380218553434,19.000422784882886,41.51510780934762,21.11583608447217,43.352005578613074,20.71141892224228,46.58298331387505,16.494046682428827,43.05921469402622,-0.1111594622765677,41.519649863127015,19.326121586362632,33.56629009423914,22.250765014025564,50.53419108357392,18.354361468698126,39.10761943464928,10.383552745339845,762.8154187956429,74.6820537692313,5.701352489231201,27.7297032629011,-0.6512482574343524,37.66184074150736,23.714980103023745
1453512492,227,0,21.43262236362643,42.24680978515131,19.21669527745001,45.67005635296145,20.733064912020524,35.886142725559246,19.69634754301499,42.1753546624835,16.21842682642117,41.6195349147285,8.119557472891966,102.11214045516563,18.301183633514682,32.135847552825105,18.26069069812812,53.81269714928784,18.39363062124204,38.28902321934077,5.286395622045227,740.6486229594545,76.51384836590572,0.8283928753379011,47.500046936919375,4.131443064694915,10.940300073648338,3.271661275356388
1457951486,35,20,22.108095252028185,36.450027031054766,16.831107082026715,39.60331485256756,21.76211231489866,36.03516439572729,19.820299651814775,41.51954932278321,17.116565713423967,71.86800328805622,2.5706604656432868,99.24692772456918,19.323273795045445,32.85074161948633,18.11519760246044,47.61395878751189,18.34597648694526,38.270850731221294,0.71864999118673,767.1072937985517,68.58289646702636,7.588666351401112,27.410597366206165,9.23974649394413,36.974876304214504,41.47562463001965
1454784495,53,0,20.608537438837242,36.66590141336586,20.175960578820078,37.56515942325634,20.992265873306266,35.96090306742456,19.198806722003745,35.99954869326442,18.398876195490725,40.43778001693087,6.4526408139183165,100.43570142799585,18.69961441354386,41.21032238320976,18.175976246513354,35.21707201101025,16.48209864936358,39.16457297675633,7.193267685982338,766.2952271451671,92.71814358534355,7.310369154661572,39.82893628191924,9.649003559344013,39.164347088277125,2.8035366594090485
1457252785,29,10,19.881478550639226,36.389011509363726,20.201230838202346,40.0897137290593,19.815653574771275,35.561452395421796,20.556977796912495,45.73976078239383,17.66190036059222,49.98647952624502,2.211919600957463,99.60136944235217,18.495066855198175,27.45267271634104,19.58542890638904,39.20417547551515,17.7459916527312,44.59734356322772,2.789210870712619,757.2165016708766,92.79642871224164,7.646272627798148,61.518227208426296,2.7179488436256314,4.869781344356932,8.323464369938659
1452771479,51,20,21.47360234985407,43.94337347544429,18.117777409495975,45.719453821480755,19.553274674971348,36.02140995990444,20.879289263876174,35.36505695789864,18.620739524098738,49.44067759654874,8.680125584546516,76.42237781371465,18.278588224099146,42.88463057243433,18.04748463811747,35.635390989192466,17.74865679785342,48.30096443178511,5.335044738665908,762.7726420535806,72.12611964236147,7.543708494316698,22.360465159196668,8.79143699577591,47.835753978629995,27.581577551189053
1452821852,29,0,21.417070903950734,37.610687171263464,16.668459507862277,44.425212063425214,21.395400271579973,39.34330822490026,20.230167565851527,41.100308145506496,18.276703438488614,41.777293879533964,-2.868194264404565,99.65629643445213,20.710681922573208,33.2486734826052,20.119263089959222,46.21311462505682,19.04495510050842,43.11762701452001,2.8375163530138447,746.5217080202414,82.43557764014187,3.678642634685299,11.318123079125593,-3.312492761824716,38.738740275417875,26.409275740413563
1453441623,31,0,18.48821961576453,39.39640571172204,21.008546933300565,37.11593095891856,20.778205450240463,35.85150524799125,18.72981194960649,38.42648769943699,17.42332727076023,47.30961300069569,-0.4207741566474892,95.09364260858824,20.81967706163744,38.76582134867565,23.237876817916778,46.35842105636621,18.3831540258194,48.96908049588348,8.738523804466164,754.9104950595729,95.97872805059072,1.768706792116463,61.96504480657486,8.843838471630425,41.59318452338389,46.33353866167563
1452799185,26,0,21.013865200419094,39.52465431326081,17.522307161218336,44.20837775215895,20.747183587886834,35.802443338172324,17.931182978327968,46.079505037074284,17.353307891798604,46.844492038138014,5.4190655928397105,102.11975574390004,19.30641064040442,44.66167312904574,18.438275464071715,40.20322916254558,18.410215796823667,47.818398805372084,2.846513331719866,746.6674507788675,81.42557407889433,7.661688795387603,39.82816335296614,0.7228429725962717,11.677155547328988,17.912907270392754
1454901958,57,0,18.557773846338144,34.298300663437225,17.665790410676493,45.77406596269591,18.61890868049374,39.28575801991391,18.6572749053112,42.65560245779094,18.27410538206834,41.97358405581451,8.182640939381313,102.16779741986248,16.650144991769395,33.068116961244066,21.483115914127197,53.472892952731996,18.39566111934872,38.00635658634985,0.5616554114630598,754.0263132946415,89.27846109591164,7.235048409213968,61.79897472305295,2.634552520802811,35.480289375944984,32.70308659006106
1458129773,227,0,19.15171108086815,36.576960940852715,17.22166492655145,40.302051074449274,19.557996514857372,43.001524355635986,19.383162539857054,38.0212074238582,18.6143184272787,41.27436520166304,8.0386881944316,93.46094953773476,18.621362131746128,42.53777048129737,21.487177344994972,46.19207960136292,18.397152696514336,38.74529182637771,3.0516909452273153,753.9817827717121,81.96697467647869,7.526742725030162,26.764810743616362,4.320260072333326,5.206946450299555,36.92220576106805
1452740362,28,10,21.561132180558022,39.383478230038016,19.066216307029435,40.087151554707766,21.614032842031822,41.61670085518615,19.774412706820247,42.65656772919586,17.121066065875993,41.03607356526094,6.868608465091753,101.87521120656332,19.31247675076961,31.938862108392932,17.613581306081432,46.60582024066823,19.626414368569563,37.971214750792875,6.063122243412029,734.4822363237101,71.59786292976027,3.7433499225302493,39.924802805423816,0.833138134501159,4.938447154741412,36.88109332189949
1455916188,25,0,21.33075163563554,36.33135950371274,19.311633617119675,43.595731686440224,19.50646138110197,41.395692292657586,20.533747895636168,44.45235937587792,18.220474894124578,41.95790615880176,4.733746785624,86.28885127034782,15.404493619613845,31.625963385869237,20.638968467777918,54.180312313370564,18.391144584835544,48.39926679650263,0.534895085560989,753.8038576047362,82.49844538804773,1.785443339213578,39.8384225806707,4.423010031076046,47.92277855123064,3.1752809801475337
1457973044,37,30,17.75696278352824,34.73679120115901,20.229520471040477,39.959755444705635,21.16648027964927,38.75302602515521,19.461209472258947,36.41475378659331,19.244802256488978,51.51089855885718,0.7910338599367737,101.34486579814481,18.645617275604913,32.263281502637625,20.354041310043957,35.96842837416426,18.301264248029536,45.83712336919438,10.545802361934376,763.1150548333102,70.56663699210132,7.717063797923671,22.591821952350788,2.2560173202528957,3.830273890850788,39.12679232211522
1452854951,34,30,21.057510307923184,34.90286963443328,20.944656474380476,39.80820976546118,19.980443820924634,43.596666527681556,20.359392299353555,41.75033638924404,18.317529885705717,42.48159691069877,0.9584990768970838,97.99817880101114,19.38383071270708,27.52591998633235,22.390297605258098,43.238189690260825,17.066834689515055,36.41035856060683,2.8913098399105963,767.2949601837844,95.6940990197791,7.766307410912847,27.538473176722324,2.498032465144651,40.218683540358974,4.253778359389461
1455374966,29,0,21.03100501098231,42.855480116474006,18.972417353588973,44.166828321618105,20.00738460473143,36.25176137647292,18.730635888207534,35.64732079979667,17.11547829118315,50.290690345250525,-6.242790859653674,86.01081064935069,18.72496247911289,49.26736091603109,19.58895107428923,54.029584824772826,18.116354183167495,46.48686440482145,9.061391460662614,734.0772509455023,54.49048811795652,3.7717285212147456,26.74154974040728,8.843986614607037,47.0591595252011,4.341260140594489
1457989475,46,0,19.824618822472036,36.06132864704644,20.069066559019685,35.62843486582797,19.832229134971563,35.77592580483554,19.982962312328958,45.37858444336818,18.16271453776051,46.68619253590193,4.7352410648443835,102.2987508919995,19.046450422155623,32.09882930626082,20.19075747563888,54.31992416235484,18.036868366066056,39.62095643093729,-3.721073986552942,745.1126017283408,92.32317814678089,4.74518717888844,55.52862827128105,2.661988255539257,17.81426773900514,27.690577618691638
1454738871,31,20,21.081393008671085,42.03713739741254,17.27516322343773,44.16747425507264,19.976861187960505,43.371694305245086,19.862519467946324,33.9269707799113,19.201365861599115,43.58441482739517,5.336136663010979,98.84449427469764,20.831781647266418,43.439431294732586,22.192539473666166,35.67806700848234,18.98838853531857,38.4168149244327,0.5585313980524392,747.3364948624279,91.29854246686263,2.776567514608994,39.90897651489906,4.2174422234419655,11.514445318251258,4.427695979801862
1452878838,27,0,19.052969241062623,34.02000651012286,20.693660406335805,40.126835141335604,20.464043606420507,39.5073166387832,18.658698409932597,33.641887336644814,16.12695945555864,51.285229744604734,-0.6081815660631864,95.22947321080524,17.494555939690812,39.13737122069371,22.122941867227645,53.47813603820969,18.978055822720783,37.892793163215025,5.945474377890296,760.6112444937064,74.84291041953095,7.922217494031241,42.53460301287645,2.3864564823185814,16.724558699055272,46.12645646263758
1456019633,31,10,17.5702888893992,39.546360673426115,17.95581185513788,41.73620106958796,21.53693737950786,40.93397573494409,19.401637503346485,41.701258850479284,17.694333330341944,41.1733117082907,-2.9975141155089684,99.07709618232215,19.05308076333567,33.015998165975326,19.638563059210423,43.69414982300839,18.112635311223166,39.21554555565305,3.2004910673202467,746.4140092382071,92.21500846730115,2.713103110702751,54.58830910397584,2.421396028951891,25.34513384377058,17.570517001868723
1456642469,52,0,18.056895649660408,36.05398317917941,20.91013258605799,45.92852698527115,21.592931608037055,35.80396239621359,20.38209175793995,38.03908270329156,18.426632252905414,48.08382129910122,2.5732338014893545,102.15518761222971,20.94612397354177,31.685394690464864,23.07917577612415,42.83406454050189,17.073617251950882,38.92967087572476,2.891881485213968,740.1673506203035,84.11594879759797,5.971700688507312,27.812626000077294,2.678238854827394,21.46765197690123,13.538744358927682
1455828055,61,0,20.930558548855807,39.4143818232635,20.569648765777053,44.23478812907095,21.012476465375496,42.77381103974967,17.802852488833352,36.0983303919054,17.758129125156216,40.748290325823255,2.518696343298809,79.90454465778286,15.611811905706508,31.410895946911136,18.08124946974105,40.20878176594346,17.13739712170455,38.32224942297814,0.3070403838507465,746.7675690197162,89.18039502982181,4.740922070173923,22.22599878480502,0.7778263496512648,39.345520611944806,2.975249156180684
1456984759,44,10,21.21489006098237,34.59340171003438,20.14643174246434,37.85866314389884,20.46844671783898,43.0725417210551,18.590252602711683,41.64764726933671,17.69559994245243,69.28710629109123,8.30068592559178,85.50049716813962,16.574489404286833,33.47454397742797,18.186722707958598,39.9885370595605,18.32430970965759,48.308464337151854,10.09695859104675,739.2904597870397,69.84768019854413,7.266405295015549,27.302124032050518,9.226097587698993,47.73100979576837,34.504633397011354
1452865463,66,0,20.021185578875468,44.04953615523304,18.089583043388867,39.43800725827036,21.020000397782102,36.20919422603939,20.142360376596645,33.57573499413167,17.812619544411916,46.911124568028036,0.6730438253772373,98.90768412895422,19.207506005264122,45.00812582800348,22.35241525779376,50.25160334465465,19.59796340632859,39.609481038779485,6.010984531559117,756.211352855118,91.41719986918733,6.037647461279813,47.80789985537591,8.932069706713246,41.68320549490925,35.02386190286204
1456480641,78,0,21.827825618330458,37.7223139003326,17.35796136661515,37.61479258709069,20.52443163369155,43.4241660527644,20.305036711691603,46.39130422203948,16.530071431404124,43.13137310791893,-0.13499708905362184,75.20122189667633,18.865913986256047,42.057081255857234,20.75812306395008,46.0407188083783,18.999062479000276,46.185091868311254,2.68150708433845,766.877184683832,96.09383206951058,7.825870289004436,22.339236321669294,4.073311081631467,46.46301186280057,27.385654969408982
1456440067,32,0,20.66423869020501,43.02200491269833,20.55490823560598,38.69323718275189,21.115841783895082,43.35575452863627,19.36731863861405,38.426879034777386,18.274909416035584,47.4642838485309,2.5575182851432565,77.83750038322074,17.54279963026594,35.84619657452419,22.214191443891472,53.80324843547136,18.371687575901177,48.064000186797934,5.025635759828806,756.7012989522134,96.2935648141123,1.7881762828653187,21.782043685624913,4.346733973204823,39.16003010536981,28.604148646421955
1455887398,29,0,21.901493229305117,42.95888407290562,20.334640753948776,41.956991636881284,17.21984296318875,41.5229914483528,19.821115205914477,42.18787197336885,18.25639182172941,46.98663558906338,8.287644363184416,80.93018333975837,19.55372345505147,44.89462077230426,20.608968783181076,53.589668120466996,18.432782154611235,38.4223055428757,0.3722171891585608,750.2516275644384,91.44470174640236,1.759357220594064,39.83932611187619,-0.6808740427718113,39.05212196598786,31.96867193640805
1458016432,60,0,21.548371732330008,37.11136891109996,19.22921789628389,41.79940419140806,20.426673349583496,36.070449155618164,19.835190292924818,45.67710492499985,18.476637644978222,46.700846943743954,-3.0070050212946984,98.94722563164001,18.228694249350642,35.79481037963279,18.386200099576605,39.545699623432355,19.637757555411554,38.326094732976024,10.229184503403818,762.6796491994064,90.14886550745162,3.7183932197590046,47.087516111276436,2.4374018324682223,41.14185936547327,38.396849888035554
1454920592,31,0,19.90356686149728,38.32139241108504,19.44453031923542,45.76285861531733,19.97283873987279,35.9753665177703,18.779541233417458,42.75294835779415,18.549364025388755,47.80661729779338,-2.39995646838543,98.96862991810043,19.481375651626657,27.504224997854262,20.317515208172093,45.93628092277858,18.37415997822615,43.16680670442147,-3.0874885196622497,763.1213380920736,89.2090601935941,2.800882525932721,39.96614095610279,-3.5660484171492866,11.120507286342495,31.860424181720138
